공원명,공원구분,법정동,소재지지번주소,경도,위도,년도,월,공원면적
삼청,근린공원,성북동,서울특별시 성북구 성북동 산25-1,126.9864035,37.59555894,2020,6,73.6
북한산,근린공원,정릉동,서울특별시 성북구 정릉동 산1-1,127.0054953,37.61906876,2020,6,93472.9
북악산,근린공원,성북동,서울특별시 성북구 성북동 산 25-1,126.9864035,37.59555894,2020,6,87616.5
상길례,문화공원,장위동,서울특별시 성북구 장위동 319-2,127.0453689,37.61972141,2008,4,4090.2
도란도란,소공원,석관동,서울특별시 성북구 석관동 410-4,127.0653636,37.60567055,2007,8,426.0
돌이음,소공원,석관동,서울특별시 성북구 석관동 410-3,127.0652173,37.6069043,2007,8,1103.4
별빛누리,소공원,길음동,서울특별시 성북구 길음동 1287-3,127.0161349,37.60760199,2006,10,949.0
맑은소리,소공원,길음동,서울특별시 성북구 길음동 1288-11,127.0270613,37.61025298,2009,1,2549.1
향기,어린이공원,상월곡동,서울특별시 성북구 상월곡동 101-6,127.0447354,37.609121559,1983,12,1000.0
햇살,어린이공원,상월곡동,서울특별시 성북구 상월곡동 97-37,127.0485162,37.60591304,1983,12,300.0
밤골,어린이공원,하월곡동,서울특별시 성북구 하월곡동 산2-140,127.039921,37.607541,1984,2,600.0
동산,어린이공원,하월곡동,서울특별시 성북구 하월곡동 96-78,127.034528,37.60459386,1983,12,417.0
배밭골,어린이공원,정릉동,서울특별시 성북구 정릉동 895,126.9986863,37.60812583,1983,12,263.0
꿈나라,어린이공원,보문동7가,서울특별시 성북구 보문동7가 108-2,127.023018,37.58029718,1940,3,1564.0
범바위,어린이공원,안암동2가,서울특별시 성북구 안암동2가 140-3,127.0214092,37.58549036,1940,3,1514.0
삼선,어린이공원,삼선동1가,서울특별시 성북구 삼선동1가 303,127.01039,37.58323585,1978,5,10957.0
숭인,근린공원,보문동6가,서울특별시 성북구 보문동6가 458-4,127.0178911,37.58287311,1977,7,5332.6
아름드리,근린공원,하월곡동,서울특별시 성북구 하월곡동 225-2,127.037977,37.60992341,1999,11,3782.0
모랫말,근린공원,하월곡동,서울특별시 성북구 하월곡동 90-206,127.032787,37.604825,1997,12,1740.0
청량,근린공원,석관동,서울특별시 성북구 석관동 409,127.0539954,37.60635811,1940,3,329290.0
개운산,근린공원,돈암동,서울특별시 성북구 돈암동 산 6-1,127.0257184,37.59720671,1940,3,208618.0
오동,근린공원,하월곡동,서울특별시 성북구 하월곡동 산2-1,127.0404131,37.61064628,1966,2,233989.7
동방,어린이공원,장위동,서울특별시 성북구 장위동 219-223,127.0435038,37.61664297,1967,7,982.0
자주바위,어린이공원,보문동6가,서울특별시 성북구 보문동6가 458-3,127.0178925,37.58287149,2006,10,1519.3
정릉동,근린공원,정릉동,서울특별시 성북구 정릉동 1021-2,127.0045308,37.61846189,2019,10,5779.1
길빛,근린공원,길음동,서울특별시 성북구 길음동 1288-12,127.0265188,37.60976006,2009,1,146038.0
꿈빛,소공원,정릉동,서울특별시 성북구 정릉동 1039,127.0116561,37.60224083,2007,5,719.0
되너미,소공원,돈암동,서울특별시 성북구 돈암동 644-2,127.0137028,37.5992171,2007,6,1069.0
돌마루,소공원,삼선동3가,서울특별시 성북구 삼선동3가 116-1,127.012142,37.5880187,2006,5,877.0
두레,소공원,길음동,서울특별시 성북구 길음동 1284-8,127.0176651,37.60655851,2005,5,287.0
행복한,소공원,길음동,서울특별시 성북구 길음동 1284-13,127.0195532,37.60822513,2005,5,1173.0
잔월,소공원,하월곡동,서울특별시 성북구 하월곡동 230-1,127.031506,37.6040624,2007,6,481.0
길섶,소공원,길음동,서울특별시 성북구 길음동 1285-10,127.0186126,37.61057497,2005,5,383.0
길음골,소공원,길음동,서울특별시 성북구 길음동 1285,127.0193237,37.60944177,2005,5,1244.0
일신,어린이공원,종암동,서울특별시 성북구 종암동 134-8,127.0395876,37.59999069,2003,3,950.0
벌집,어린이공원,종암동,서울특별시 성북구 종암동 134-3,127.0367262,37.599625,2003,3,1788.0
아름,어린이공원,길음동,서울특별시 성북구 길음동 1284-1,127.0164324,37.60759757,2005,5,2167.0
늘푸른,어린이공원,길음동,서울특별시 성북구 길음동 1284-14,127.0204223,37.60850569,2005,5,1580.0
성북,근린공원,성북동,서울특별시 성북구 성북동 168-274,127.0072875,37.595122,1940,3,69676.5
옛시장,어린이공원,종암동,서울특별시 성북구 종암동 135-4,127.0339269,37.60232547,2005,9,958.0
고암,어린이공원,종암동,서울특별시 성북구 종암동 133-5,127.0318095,37.59998725,2005,6,1449.0
매화,어린이공원,돈암동,서울특별시 성북구 돈암동 45-6,127.0207412,37.60011962,2004,11,1595.0
화랑,어린이공원,석관동,서울특별시 성북구 석관동 407-6,127.0547542,37.60715757,2004,11,2213.0
맑은숲,어린이공원,장위동,서울특별시 성북구 장위동 317-1,127.0463288,37.62144056,2005,7,1601.0
동망봉,어린이공원,보문동3가,서울특별시 성북구 보문동3가 229-1,127.017073,37.5838591,2007,10,6730.0
솔숲,어린이공원,정릉동,서울특별시 성북구 정릉동 170-10,127.014971,37.60480863,2005,7,2922.0
한울,어린이공원,정릉동,서울특별시 성북구 정릉동 169-6,127.013709,37.605709,2003,12,2675.0
해맑은,어린이공원,길음동,서울특별시 성북구 길음동 591-17,127.020925,37.6085186,2003,12,2089.0
솔향기,어린이공원,길음동,서울특별시 성북구 길음동 1190,127.0213064,37.608108,2003,12,4031.0
종암,어린이공원,종암동,서울특별시 성북구 종암동 104-6,127.0372515,37.60012565,1991,2,1514.0
새소리,어린이공원,돈암동,서울특별시 성북구 돈암동 626-2,127.0254039,37.600751,1976,12,1371.0
돌뫼,어린이공원,석관동,서울특별시 성북구 석관동 산1-77,127.0528072,37.60510034,1983,12,350.0
샛별,어린이공원,석관동,서울특별시 성북구 석관동 168-86,127.0642987,37.614016,1983,12,1638.0
